{"cameraMode":{"drawMode":0,"name":"Shaded","section":"Shading Mode"},"sceneLighting":true,"audioPlay":false,"sceneViewState":{"showFog":true,"showMaterialUpdate":false,"showSkybox":true,"showFlares":true,"showImageEffects":true,"showParticleSystems":true},"in2DMode":false,"pivot":{"x":-0.5032608509063721,"y":0.8836145401000977,"z":-6.341818809509277},"rotation":{"x":-0.040435802191495898,"y":0.05093719810247421,"z":0.0020635512191802265,"w":0.9978824257850647},"size":11.593708992004395,"orthographic":false}