{"cameraMode":{"drawMode":0,"name":"Shaded","section":"Shading Mode"},"sceneLighting":true,"audioPlay":false,"sceneViewState":{"showFog":true,"showMaterialUpdate":false,"showSkybox":true,"showFlares":true,"showImageEffects":true,"showParticleSystems":true},"in2DMode":false,"pivot":{"x":-0.2755979001522064,"y":2.1874537467956545,"z":-9.15730094909668},"rotation":{"x":-0.3582896888256073,"y":0.028349414467811586,"z":-0.003194255754351616,"w":-0.9333969950675964},"size":9.148885726928711,"orthographic":false}