{"cameraMode":{"drawMode":0,"name":"Shaded","section":"Shading Mode"},"sceneLighting":true,"audioPlay":false,"sceneViewState":{"showFog":true,"showMaterialUpdate":false,"showSkybox":true,"showFlares":true,"showImageEffects":true,"showParticleSystems":true},"in2DMode":false,"pivot":{"x":0.19747969508171082,"y":2.244965076446533,"z":-9.073310852050782},"rotation":{"x":-0.3582896888256073,"y":0.028349414467811586,"z":-0.003194255754351616,"w":-0.9333969950675964},"size":9.03637981414795,"orthographic":false}