{"cameraMode":{"drawMode":0,"name":"Shaded","section":"Shading Mode"},"sceneLighting":true,"audioPlay":false,"sceneViewState":{"showFog":true,"showMaterialUpdate":false,"showSkybox":true,"showFlares":true,"showImageEffects":true,"showParticleSystems":true},"in2DMode":false,"pivot":{"x":-2.1607019901275636,"y":-1.24147629737854,"z":-6.694589614868164},"rotation":{"x":0.1077265664935112,"y":0.034293171018362048,"z":-0.003718659048900008,"w":0.9935838580131531},"size":9.722036361694336,"orthographic":false}